"","Year","Date","Month","ppt","tmin","tmean","Forage"
"1",1935,1935-01-01,1,4.69,35.8,45.2,NA
"2",1935,1935-02-01,2,2.34,39.7,49.1,NA
"3",1935,1935-03-01,3,3.87,36.8,47.9,NA
"4",1935,1935-04-01,4,4.23,45.3,58,NA
"5",1935,1935-05-01,5,0.04,48.5,65.6,NA
"6",1935,1935-06-01,6,0,57.8,77.7,NA
"7",1935,1935-07-01,7,0,60.5,79.8,NA
"8",1935,1935-08-01,8,0,62,81.8,NA
"9",1935,1935-09-01,9,0.02,57.3,76.2,NA
"10",1935,1935-10-01,10,1.07,46,62,NA
"11",1935,1935-11-01,11,0.76,36.1,50,NA
"12",1935,1935-12-01,12,1.44,35.3,47.7,NA
"13",1936,1936-04-01,4,1.13,45.6,60.8,2057
"14",1936,1936-06-01,6,0.37,57.6,75.8,2057
"15",1936,1936-07-01,7,0.08,65.2,84.5,2057
"16",1936,1936-08-01,8,0,62.7,82.7,2057
"17",1936,1936-05-01,5,0.23,50.2,68.3,2057
"18",1936,1936-10-01,10,1.99,50,66.1,2057
"19",1936,1936-11-01,11,0.01,39,55.1,2057
"20",1936,1936-12-01,12,5.32,34.3,45,2057
"21",1936,1936-09-01,9,0,55.8,75.7,2057
"22",1936,1936-01-01,1,2.65,37.8,47.9,2057
"23",1936,1936-02-01,2,9.8,38.5,47.8,2057
"24",1936,1936-03-01,3,2.05,42.1,55.1,2057
"25",1937,1937-06-01,6,0,56.9,75,1694
"26",1937,1937-07-01,7,0,63.8,83.6,1694
"27",1937,1937-08-01,8,0,61.2,81.5,1694
"28",1937,1937-09-01,9,0,56.4,75.2,1694
"29",1937,1937-10-01,10,0.08,48.8,66.5,1694
"30",1937,1937-11-01,11,0.51,41.8,55.3,1694
"31",1937,1937-12-01,12,5.4,37.6,49.2,1694
"32",1937,1937-02-01,2,5.71,37.1,47.4,1694
"33",1937,1937-03-01,3,4.31,40.6,52.1,1694
"34",1937,1937-04-01,4,0.97,42.9,57.4,1694
"35",1937,1937-01-01,1,3.2,28.1,37.2,1694
"36",1937,1937-05-01,5,0,49.7,68.5,1694
"37",1938,1938-01-01,1,3.76,36.3,46.4,2662
"38",1938,1938-02-01,2,6.75,38.9,48.5,2662
"39",1938,1938-03-01,3,8.9,38.8,48.9,2662
"40",1938,1938-09-01,9,0.13,58.3,76.5,2662
"41",1938,1938-10-01,10,1.39,47.5,63.5,2662
"42",1938,1938-11-01,11,0.71,36.5,50.8,2662
"43",1938,1938-12-01,12,1.41,38.3,48.6,2662
"44",1938,1938-04-01,4,2.39,44.2,58.3,2662
"45",1938,1938-05-01,5,0.18,49.5,67.6,2662
"46",1938,1938-06-01,6,0,58.7,77.2,2662
"47",1938,1938-07-01,7,0.12,63.4,82.9,2662
"48",1938,1938-08-01,8,0,60.8,80.3,2662
"49",1939,1939-02-01,2,1.98,33.4,44.5,1452
"50",1939,1939-03-01,3,2.72,41.1,53,1452
"51",1939,1939-04-01,4,0.52,48.2,64.4,1452
"52",1939,1939-01-01,1,2.56,35.6,46.2,1452
"53",1939,1939-10-01,10,1.18,47.2,64.5,1452
"54",1939,1939-11-01,11,0.05,40.2,57.1,1452
"55",1939,1939-12-01,12,0.64,37.5,50.5,1452
"56",1939,1939-08-01,8,0,61.5,82.4,1452
"57",1939,1939-05-01,5,0.45,49.4,68,1452
"58",1939,1939-06-01,6,0.22,56.1,76.1,1452
"59",1939,1939-07-01,7,0,61.4,82.2,1452
"60",1939,1939-09-01,9,1.24,58.6,76.6,1452
"61",1940,1940-01-01,1,9.09,40.3,48.7,1936
"62",1940,1940-03-01,3,2.33,43.2,55.4,1936
"63",1940,1940-04-01,4,0.98,45.6,60.6,1936
"64",1940,1940-05-01,5,0,51.6,70.7,1936
"65",1940,1940-02-01,2,5.46,41.7,51.1,1936
"66",1940,1940-10-01,10,1.66,49.1,65.5,1936
"67",1940,1940-11-01,11,0.12,38.4,52.2,1936
"68",1940,1940-12-01,12,7.29,39.6,51.1,1936
"69",1940,1940-07-01,7,0,59.9,80.4,1936
"70",1940,1940-08-01,8,0,60.6,81.2,1936
"71",1940,1940-09-01,9,0,53.5,71.4,1936
"72",1940,1940-06-01,6,0,59.7,79.9,1936
"73",1941,1941-01-01,1,3.33,39.6,49.4,2057
"74",1941,1941-02-01,2,5.84,43.4,52.4,2057
"75",1941,1941-03-01,3,2.75,43.2,54.8,2057
"76",1941,1941-04-01,4,3.99,42.5,56.1,2057
"77",1941,1941-05-01,5,0.15,50.4,67.6,2057
"78",1941,1941-06-01,6,0,54.2,72.7,2057
"79",1941,1941-07-01,7,0,62,82.3,2057
"80",1941,1941-12-01,12,5.86,38.2,47.6,2057
"81",1941,1941-08-01,8,0.04,58.5,77,2057
"82",1941,1941-09-01,9,0,51.6,70.9,2057
"83",1941,1941-10-01,10,1.14,45.8,61.6,2057
"84",1941,1941-11-01,11,0.97,41.7,55.7,2057
"85",1942,1942-01-01,1,3.07,36.8,47,2037
"86",1942,1942-02-01,2,2,35.6,46.9,2037
"87",1942,1942-03-01,3,1.79,37.7,52,2037
"88",1942,1942-04-01,4,2.71,43.3,56.9,2037
"89",1942,1942-05-01,5,1.16,45.4,62.8,2037
"90",1942,1942-06-01,6,0,54.1,74.1,2037
"91",1942,1942-07-01,7,0,62.3,82.9,2037
"92",1942,1942-08-01,8,0,60.5,80.7,2037
"93",1942,1942-12-01,12,2.13,37.2,46.7,2037
"94",1942,1942-09-01,9,0,54.2,73,2037
"95",1942,1942-10-01,10,0.04,49.5,66.4,2037
"96",1942,1942-11-01,11,2.13,40.6,53.5,2037
"97",1943,1943-01-01,1,4.69,35.2,46.5,2427
"98",1943,1943-02-01,2,2.05,39,50.9,2427
"99",1943,1943-03-01,3,5.04,43.7,54.1,2427
"100",1943,1943-04-01,4,1.09,45.7,59.7,2427
"101",1943,1943-05-01,5,0.01,48.7,67.7,2427
"102",1943,1943-06-01,6,0,51.3,70.1,2427
"103",1943,1943-07-01,7,0,60,80.1,2427
"104",1943,1943-08-01,8,0,56.8,77,2427
"105",1943,1943-09-01,9,0,56.2,76.2,2427
"106",1943,1943-12-01,12,2.15,36.6,47.7,2427
"107",1943,1943-10-01,10,0.36,47.6,64.6,2427
"108",1943,1943-11-01,11,0.63,39.8,55,2427
"109",1944,1944-03-01,3,1.14,37.5,51.6,1631
"110",1944,1944-02-01,2,4.73,36.3,46.5,1631
"111",1944,1944-07-01,7,0,59.2,79.3,1631
"112",1944,1944-04-01,4,1.78,40.3,54.8,1631
"113",1944,1944-05-01,5,0.3,49.5,66.8,1631
"114",1944,1944-06-01,6,0.16,52.9,70.2,1631
"115",1944,1944-11-01,11,4.48,40.4,50.8,1631
"116",1944,1944-08-01,8,0,57.5,78.6,1631
"117",1944,1944-09-01,9,0.03,56,75.6,1631
"118",1944,1944-10-01,10,0.87,49.1,66.5,1631
"119",1944,1944-01-01,1,2.56,35,46.4,1631
"120",1944,1944-12-01,12,2.28,36.9,48,1631
"121",1945,1945-04-01,4,0.47,42.1,58.4,2594
"122",1945,1945-06-01,6,0.3,54.9,74.3,2594
"123",1945,1945-07-01,7,0,63,83.8,2594
"124",1945,1945-08-01,8,0,59.3,79.5,2594
"125",1945,1945-05-01,5,0.48,47.2,64.2,2594
"126",1945,1945-10-01,10,1.97,51,66.3,2594
"127",1945,1945-11-01,11,1.57,39.9,52.1,2594
"128",1945,1945-12-01,12,3.51,38.1,47,2594
"129",1945,1945-09-01,9,0.08,56.6,75.9,2594
"130",1945,1945-01-01,1,0.36,34.3,43.9,2594
"131",1945,1945-02-01,2,5,39.2,49.6,2594
"132",1945,1945-03-01,3,4.25,36.7,47.7,2594
"133",1946,1946-05-01,5,0.91,47.9,65.7,1815
"134",1946,1946-06-01,6,0,53.5,72.8,1815
"135",1946,1946-07-01,7,0.04,61.3,81,1815
"136",1946,1946-08-01,8,0,59.8,80.8,1815
"137",1946,1946-09-01,9,0,54.4,74.1,1815
"138",1946,1946-10-01,10,1.65,45.3,61,1815
"139",1946,1946-11-01,11,3.84,37.5,49.6,1815
"140",1946,1946-12-01,12,3.36,38.4,46.5,1815
"141",1946,1946-04-01,4,0.2,43.3,60.5,1815
"142",1946,1946-01-01,1,0.83,32.4,44.4,1815
"143",1946,1946-02-01,2,2.14,34.4,46.6,1815
"144",1946,1946-03-01,3,3.38,38.8,51.8,1815
"145",1947,1947-01-01,1,0.58,30.7,41.6,1815
"146",1947,1947-07-01,7,0,57.4,78.1,1815
"147",1947,1947-08-01,8,0,57.9,77.2,1815
"148",1947,1947-09-01,9,0.18,56.3,76.4,1815
"149",1947,1947-10-01,10,1.31,49.6,64.1,1815
"150",1947,1947-11-01,11,0.75,36.7,49.4,1815
"151",1947,1947-12-01,12,0.72,33.6,44.9,1815
"152",1947,1947-02-01,2,1.35,39.3,50.5,1815
"153",1947,1947-03-01,3,1.26,41.6,55,1815
"154",1947,1947-04-01,4,0.33,45,61.8,1815
"155",1947,1947-05-01,5,0.56,52.2,71.3,1815
"156",1947,1947-06-01,6,0.07,56.9,75.2,1815
"157",1948,1948-02-01,2,1.43,34.2,46.8,1491
"158",1948,1948-03-01,3,4.04,36.9,49.3,1491
"159",1948,1948-04-01,4,3.87,43.2,56.6,1491
"160",1948,1948-01-01,1,0.13,35.8,50.5,1491
"161",1948,1948-10-01,10,0.29,46.9,64.2,1491
"162",1948,1948-11-01,11,0.15,36.4,52.1,1491
"163",1948,1948-12-01,12,2.06,33.6,43.1,1491
"164",1948,1948-08-01,8,0,57.5,77.8,1491
"165",1948,1948-05-01,5,1.51,46,62.4,1491
"166",1948,1948-06-01,6,0.02,55.7,74.3,1491
"167",1948,1948-07-01,7,0,58.6,79.5,1491
"168",1948,1948-09-01,9,0,53.8,73.8,1491
"169",1949,1949-01-01,1,1.97,27.2,38.5,1391
"170",1949,1949-03-01,3,3.2,40.5,50.6,1391
"171",1949,1949-04-01,4,0.01,45.4,62.2,1391
"172",1949,1949-05-01,5,1.36,49,65.9,1391
"173",1949,1949-02-01,2,1.75,33.3,44.8,1391
"174",1949,1949-11-01,11,1.23,44,59,1391
"175",1949,1949-12-01,12,1.81,33.4,45,1391
"176",1949,1949-08-01,8,0,57.4,76.4,1391
"177",1949,1949-09-01,9,0,55.7,75.7,1391
"178",1949,1949-06-01,6,0,57.2,76.9,1391
"179",1949,1949-07-01,7,0,59.4,80.6,1391
"180",1949,1949-10-01,10,0,44.8,63.2,1391
"181",1950,1950-01-01,1,4.64,32,42.4,2842
"182",1950,1950-02-01,2,2.33,38.6,50.9,2842
"183",1950,1950-04-01,4,1.73,44.9,61.4,2842
"184",1950,1950-05-01,5,0.07,47.7,67.1,2842
"185",1950,1950-06-01,6,0,53.7,73.1,2842
"186",1950,1950-03-01,3,2.25,38.5,51.7,2842
"187",1950,1950-11-01,11,6.07,46,57.8,2842
"188",1950,1950-12-01,12,3.4,42.7,50.8,2842
"189",1950,1950-07-01,7,0.04,62,83.2,2842
"190",1950,1950-08-01,8,0,59.4,80.2,2842
"191",1950,1950-09-01,9,0.23,54.7,73.2,2842
"192",1950,1950-10-01,10,1.89,49.1,66.3,2842
"193",1951,1951-01-01,1,2.8,36,45.6,2495
"194",1951,1951-02-01,2,2.33,36.5,48.7,2495
"195",1951,1951-03-01,3,0.68,37.1,51.7,2495
"196",1951,1951-04-01,4,1.37,43.4,59.6,2495
"197",1951,1951-05-01,5,0.03,48.2,66.4,2495
"198",1951,1951-06-01,6,0.04,53.9,74,2495
"199",1951,1951-07-01,7,0,59.1,80.3,2495
"200",1951,1951-08-01,8,0,58,79.3,2495
"201",1951,1951-12-01,12,5.73,34,44.6,2495
"202",1951,1951-09-01,9,0,55.9,75.8,2495
"203",1951,1951-10-01,10,0.8,45.6,63.8,2495
"204",1951,1951-11-01,11,1.58,41.1,55.1,2495
"205",1952,1952-01-01,1,6.12,33.6,44.3,2562
"206",1952,1952-02-01,2,1.4,36.8,48.6,2562
"207",1952,1952-03-01,3,5.28,36.4,47.3,2562
"208",1952,1952-04-01,4,2.21,46.3,60.1,2562
"209",1952,1952-05-01,5,0.02,51.9,70.1,2562
"210",1952,1952-06-01,6,0,51.7,69.9,2562
"211",1952,1952-07-01,7,0.02,62.3,82.6,2562
"212",1952,1952-08-01,8,0,59.9,80.5,2562
"213",1952,1952-09-01,9,0.1,57.7,76.7,2562
"214",1952,1952-10-01,10,0.07,50.7,69.2,2562
"215",1952,1952-11-01,11,1.86,38,51.9,2562
"216",1952,1952-12-01,12,5.01,37.2,46.8,2562
"217",1953,1953-02-01,2,0.14,35.5,49.2,1956
"218",1953,1953-06-01,6,0.68,51.7,69.5,1956
"219",1953,1953-03-01,3,1.22,37.9,52.2,1956
"220",1953,1953-04-01,4,1.61,42.5,58.5,1956
"221",1953,1953-05-01,5,0.67,44,60.5,1956
"222",1953,1953-10-01,10,0.42,46.1,64,1956
"223",1953,1953-07-01,7,0,62.6,83.3,1956
"224",1953,1953-08-01,8,0,57.5,76.6,1956
"225",1953,1953-09-01,9,0,57.8,76.2,1956
"226",1953,1953-01-01,1,2.34,39.4,50.1,1956
"227",1953,1953-11-01,11,1.89,42.6,54.8,1956
"228",1953,1953-12-01,12,1,34.6,46.5,1956
"229",1954,1954-03-01,3,4,38.1,49.9,2584
"230",1954,1954-04-01,4,1.12,46.8,62.4,2584
"231",1954,1954-07-01,7,0,61.2,83,2584
"232",1954,1954-08-01,8,0,55.7,75.8,2584
"233",1954,1954-05-01,5,0.21,49.3,68.8,2584
"234",1954,1954-06-01,6,0.69,53.8,72.7,2584
"235",1954,1954-11-01,11,2,41.1,53.1,2584
"236",1954,1954-12-01,12,2.51,35.3,44.4,2584
"237",1954,1954-09-01,9,0,51.9,71.9,2584
"238",1954,1954-10-01,10,0,46.1,64.5,2584
"239",1954,1954-01-01,1,3.02,35.1,46.7,2584
"240",1954,1954-02-01,2,2.24,38.7,49.9,2584
"241",1955,1955-05-01,5,1.34,48.1,64.6,2181
"242",1955,1955-06-01,6,0,54.1,72.7,2181
"243",1955,1955-07-01,7,0,57.8,77.4,2181
"244",1955,1955-08-01,8,0,62,82.1,2181
"245",1955,1955-09-01,9,0,56.3,75.7,2181
"246",1955,1955-10-01,10,0,47.9,66,2181
"247",1955,1955-11-01,11,1.91,38.1,51.5,2181
"248",1955,1955-12-01,12,11.42,42,49.6,2181
"249",1955,1955-04-01,4,1.92,38,53.8,2181
"250",1955,1955-01-01,1,4.48,32.6,41.9,2181
"251",1955,1955-02-01,2,1.92,34.3,47,2181
"252",1955,1955-03-01,3,0.25,37.5,52.1,2181
"253",1956,1956-01-01,1,4.39,40.1,48.5,1970
"254",1956,1956-06-01,6,0,55.3,74.6,1970
"255",1956,1956-07-01,7,0,61,80.9,1970
"256",1956,1956-08-01,8,0,56.9,76.7,1970
"257",1956,1956-09-01,9,0.05,55.6,75,1970
"258",1956,1956-10-01,10,1.38,46.6,62.2,1970
"259",1956,1956-11-01,11,0,37.7,53.8,1970
"260",1956,1956-12-01,12,0.71,32.3,46,1970
"261",1956,1956-04-01,4,2.57,44.1,57.5,1970
"262",1956,1956-05-01,5,1.5,49.9,66.1,1970
"263",1956,1956-02-01,2,1.06,33.5,45.2,1970
"264",1956,1956-03-01,3,0.02,37.9,52.6,1970
"265",1957,1957-01-01,1,2.81,31.3,42.8,1963
"266",1957,1957-02-01,2,2.05,43.4,52.2,1963
"267",1957,1957-08-01,8,0,57.5,77.7,1963
"268",1957,1957-09-01,9,0.44,56.1,74.6,1963
"269",1957,1957-10-01,10,1.04,48,62.1,1963
"270",1957,1957-11-01,11,1.01,38.7,51.2,1963
"271",1957,1957-12-01,12,2.99,35.4,45.6,1963
"272",1957,1957-06-01,6,0.16,58.2,77.3,1963
"273",1957,1957-03-01,3,1.89,41.5,53.2,1963
"274",1957,1957-04-01,4,1.57,43.3,58.5,1963
"275",1957,1957-05-01,5,2.94,48.7,63.8,1963
"276",1957,1957-07-01,7,0,61.2,81.3,1963
"277",1958,1958-01-01,1,3.45,35.4,46.3,2138
"278",1958,1958-03-01,3,6.89,38.4,48.9,2138
"279",1958,1958-04-01,4,3.76,42.6,57,2138
"280",1958,1958-05-01,5,0.94,50.4,68.6,2138
"281",1958,1958-02-01,2,5.1,41.7,52.1,2138
"282",1958,1958-11-01,11,0.34,39,54.1,2138
"283",1958,1958-12-01,12,0.43,35.7,50.8,2138
"284",1958,1958-08-01,8,0,65.1,83.8,2138
"285",1958,1958-09-01,9,0.56,56.4,75.1,2138
"286",1958,1958-06-01,6,0.11,54.4,72.8,2138
"287",1958,1958-07-01,7,0.12,60.3,79.9,2138
"288",1958,1958-10-01,10,0,51.4,69.3,2138
"289",1959,1959-01-01,1,2.73,38.4,49.1,785
"290",1959,1959-02-01,2,4.24,37.3,48.1,785
"291",1959,1959-04-01,4,0.73,45.6,63.6,785
"292",1959,1959-05-01,5,0.17,45.9,63.8,785
"293",1959,1959-06-01,6,0,57,76.8,785
"294",1959,1959-03-01,3,0.16,41.1,55.9,785
"295",1959,1959-12-01,12,0.53,33.1,47.6,785
"296",1959,1959-08-01,8,0,59.6,78.9,785
"297",1959,1959-09-01,9,2.69,55.1,72.1,785
"298",1959,1959-10-01,10,0,49.3,66.1,785
"299",1959,1959-07-01,7,0,63.7,84.2,785
"300",1959,1959-11-01,11,0,38.2,55.3,785
"301",1960,1960-01-01,1,2.67,34.2,46,1956
"302",1960,1960-02-01,2,3.85,37.4,48.1,1956
"303",1960,1960-03-01,3,1.53,40.6,54.4,1956
"304",1960,1960-05-01,5,0.07,45.9,64.3,1956
"305",1960,1960-06-01,6,0,59.6,80.3,1956
"306",1960,1960-07-01,7,0,63.8,83.8,1956
"307",1960,1960-04-01,4,1.86,42.1,58.1,1956
"308",1960,1960-12-01,12,1.1,33.2,43.7,1956
"309",1960,1960-11-01,11,3.73,39.5,51.1,1956
"310",1960,1960-08-01,8,0,58.9,79.4,1956
"311",1960,1960-09-01,9,0,55.7,75.8,1956
"312",1960,1960-10-01,10,0.26,46,63,1956
"313",1961,1961-01-01,1,1.88,31.8,43,1353
"314",1961,1961-02-01,2,0.83,37.9,50.2,1353
"315",1961,1961-03-01,3,1.85,37.4,50.7,1353
"316",1961,1961-04-01,4,0.7,42.5,59.8,1353
"317",1961,1961-05-01,5,0.82,45.3,62.4,1353
"318",1961,1961-06-01,6,0.1,59.3,78.8,1353
"319",1961,1961-07-01,7,0.05,62.4,83.2,1353
"320",1961,1961-08-01,8,0,62.5,81.3,1353
"321",1961,1961-09-01,9,0.04,52.6,71.8,1353
"322",1961,1961-10-01,10,0.1,46,64.4,1353
"323",1961,1961-11-01,11,2.32,36.9,51.3,1353
"324",1961,1961-12-01,12,1.78,34.5,43.2,1353
"325",1962,1962-02-01,2,8.73,37.5,46.2,1971
"326",1962,1962-06-01,6,0.01,54.4,74.2,1971
"327",1962,1962-03-01,3,2.15,36.4,48.7,1971
"328",1962,1962-04-01,4,0.16,44.1,61.7,1971
"329",1962,1962-05-01,5,0.15,44.7,61.9,1971
"330",1962,1962-10-01,10,1.1,48.6,63.6,1971
"331",1962,1962-07-01,7,0.01,58.6,80,1971
"332",1962,1962-08-01,8,0,57.1,78.1,1971
"333",1962,1962-09-01,9,0.09,54.2,74.1,1971
"334",1962,1962-01-01,1,2.11,29.8,41.1,1971
"335",1962,1962-11-01,11,0.12,41.4,55.2,1971
"336",1962,1962-12-01,12,1.18,36.3,48.2,1971
"337",1963,1963-03-01,3,3.29,38.7,50.9,3055
"338",1963,1963-06-01,6,0.11,54.2,71.4,3055
"339",1963,1963-07-01,7,0,56.5,77.2,3055
"340",1963,1963-04-01,4,4.42,41.8,53.5,3055
"341",1963,1963-05-01,5,0.65,50.3,65.4,3055
"342",1963,1963-10-01,10,1.49,50.5,64.9,3055
"343",1963,1963-11-01,11,3.58,42.2,52,3055
"344",1963,1963-08-01,8,0,57.7,77.9,3055
"345",1963,1963-09-01,9,0.27,58.7,76,3055
"346",1963,1963-01-01,1,3.24,29.9,42.3,3055
"347",1963,1963-02-01,2,4.04,45.5,55.6,3055
"348",1963,1963-12-01,12,0.36,33.7,41.1,3055
"349",1964,1964-04-01,4,1.02,42,57.5,2494
"350",1964,1964-05-01,5,0.76,46.2,62.9,2494
"351",1964,1964-07-01,7,0,60.7,80.8,2494
"352",1964,1964-08-01,8,0,60.2,80.1,2494
"353",1964,1964-09-01,9,0.27,51.4,70.6,2494
"354",1964,1964-06-01,6,0.24,54.4,72.5,2494
"355",1964,1964-11-01,11,3.05,39,50,2494
"356",1964,1964-12-01,12,5.05,40.7,48.8,2494
"357",1964,1964-03-01,3,2,37.2,50,2494
"358",1964,1964-10-01,10,1.5,51.9,68.6,2494
"359",1964,1964-01-01,1,1.62,33.9,43.5,2494
"360",1964,1964-02-01,2,0.06,34.4,47.7,2494
"361",1965,1965-01-01,1,2.74,37.4,45.5,3773
"362",1965,1965-06-01,6,0,53,70.7,3773
"363",1965,1965-07-01,7,0,59.3,79.1,3773
"364",1965,1965-08-01,8,0.21,60.8,79.8,3773
"365",1965,1965-09-01,9,0,51.3,69.3,3773
"366",1965,1965-10-01,10,0.28,48.6,66.9,3773
"367",1965,1965-11-01,11,5.05,44.3,55,3773
"368",1965,1965-12-01,12,2.78,34.3,42.3,3773
"369",1965,1965-04-01,4,3.54,46.2,57.7,3773
"370",1965,1965-05-01,5,0.03,45.8,64.6,3773
"371",1965,1965-02-01,2,0.62,36.6,48.3,3773
"372",1965,1965-03-01,3,1.78,40.3,52.5,3773
"373",1966,1966-01-01,1,1.11,33.4,44.1,2182
"374",1966,1966-02-01,2,1.25,35.1,46.5,2182
"375",1966,1966-07-01,7,0.05,57.7,77.9,2182
"376",1966,1966-08-01,8,0,61.9,82.1,2182
"377",1966,1966-09-01,9,0.07,54.9,72.9,2182
"378",1966,1966-10-01,10,0,47.4,64.9,2182
"379",1966,1966-11-01,11,2.43,44.8,56.9,2182
"380",1966,1966-12-01,12,5.6,38.3,44.9,2182
"381",1966,1966-04-01,4,0.65,46.1,63.5,2182
"382",1966,1966-05-01,5,0.36,51.8,69.7,2182
"383",1966,1966-06-01,6,0.07,57,75.4,2182
"384",1966,1966-03-01,3,0.18,40.4,54,2182
"385",1967,1967-01-01,1,3.73,36.1,46,2934
"386",1967,1967-02-01,2,0.71,37.9,47.9,2934
"387",1967,1967-03-01,3,3.78,40.6,51.6,2934
"388",1967,1967-09-01,9,0.25,59.4,77.4,2934
"389",1967,1967-10-01,10,0.08,48.3,66.1,2934
"390",1967,1967-11-01,11,1.67,45.9,57.5,2934
"391",1967,1967-12-01,12,2.16,30.9,42.3,2934
"392",1967,1967-06-01,6,0.34,54.1,72,2934
"393",1967,1967-07-01,7,0,63.5,84.2,2934
"394",1967,1967-04-01,4,7.29,38.8,49.3,2934
"395",1967,1967-05-01,5,0.46,48.2,65.3,2934
"396",1967,1967-08-01,8,0,65.3,85.1,2934
"397",1968,1968-01-01,1,1.77,33.2,44.3,2298
"398",1968,1968-02-01,2,1.64,43.9,53.8,2298
"399",1968,1968-04-01,4,0.67,42.5,59.5,2298
"400",1968,1968-05-01,5,0.55,47.3,65.5,2298
"401",1968,1968-06-01,6,0,57.3,76.9,2298
"402",1968,1968-03-01,3,2.08,40.9,53.7,2298
"403",1968,1968-12-01,12,3.95,33.6,43.7,2298
"404",1968,1968-08-01,8,0,57.5,76.5,2298
"405",1968,1968-09-01,9,0,55,74.4,2298
"406",1968,1968-10-01,10,1.62,48.4,63.6,2298
"407",1968,1968-07-01,7,0,62.7,82.3,2298
"408",1968,1968-11-01,11,2.47,42.3,51.8,2298
"409",1969,1969-01-01,1,10.57,38,45.2,2724
"410",1969,1969-02-01,2,7.09,37.4,46.1,2724
"411",1969,1969-03-01,3,2.34,39.3,51.3,2724
"412",1969,1969-05-01,5,0,49.9,67.9,2724
"413",1969,1969-06-01,6,0.42,55.5,72.1,2724
"414",1969,1969-07-01,7,0.04,61.4,81.3,2724
"415",1969,1969-04-01,4,2.44,43.4,57.6,2724
"416",1969,1969-08-01,8,0,60,80.9,2724
"417",1969,1969-09-01,9,0.23,57.2,76.6,2724
"418",1969,1969-10-01,10,0.97,44.7,60.6,2724
"419",1969,1969-11-01,11,1.24,39.9,54.6,2724
"420",1969,1969-12-01,12,2.11,35.9,48,2724
"421",1970,1970-02-01,2,1.38,39.9,51.8,3026
"422",1970,1970-03-01,3,2.63,40.3,53,3026
"423",1970,1970-04-01,4,0.39,37.7,54.2,3026
"424",1970,1970-01-01,1,5.64,38.8,49.3,3026
"425",1970,1970-06-01,6,0.73,57.6,75.9,3026
"426",1970,1970-07-01,7,0,63.6,83.8,3026
"427",1970,1970-08-01,8,0,60.2,80.7,3026
"428",1970,1970-05-01,5,0,49.1,68,3026
"429",1970,1970-12-01,12,4.05,36.9,45.6,3026
"430",1970,1970-09-01,9,0,53,73.3,3026
"431",1970,1970-10-01,10,0.15,47.5,64,3026
"432",1970,1970-11-01,11,3.93,42.6,55.3,3026
"433",1971,1971-02-01,2,0.51,35.2,46.3,2727
"434",1971,1971-06-01,6,0,54.3,73,2727
"435",1971,1971-03-01,3,1.31,38.2,51.2,2727
"436",1971,1971-04-01,4,0.83,40.5,55.6,2727
"437",1971,1971-05-01,5,1.86,47.2,62.1,2727
"438",1971,1971-10-01,10,0.14,43.9,61,2727
"439",1971,1971-07-01,7,0,62,81.9,2727
"440",1971,1971-08-01,8,0,63.1,82.3,2727
"441",1971,1971-09-01,9,0.15,55.3,74.1,2727
"442",1971,1971-01-01,1,1.15,35.4,45,2727
"443",1971,1971-11-01,11,1.5,37.6,51,2727
"444",1971,1971-12-01,12,4.2,33.3,42.6,2727
"445",1972,1972-03-01,3,0,43.1,57.6,1763
"446",1972,1972-06-01,6,0.28,59.4,76.9,1763
"447",1972,1972-07-01,7,0,63.5,82.5,1763
"448",1972,1972-04-01,4,0.66,43,58.8,1763
"449",1972,1972-05-01,5,0.19,50.2,68.2,1763
"450",1972,1972-10-01,10,0.48,49.5,63.1,1763
"451",1972,1972-11-01,11,4.55,40.9,49.5,1763
"452",1972,1972-08-01,8,0,62.2,80,1763
"453",1972,1972-09-01,9,0.45,55.3,72.2,1763
"454",1972,1972-01-01,1,0.67,31.9,40.5,1763
"455",1972,1972-02-01,2,0.9,38.7,50.2,1763
"456",1972,1972-12-01,12,2.14,33.1,41.4,1763
"457",1973,1973-04-01,4,0.35,43.5,58.4,3031
"458",1973,1973-06-01,6,0.02,58.5,77.4,3031
"459",1973,1973-07-01,7,0,60.6,80.1,3031
"460",1973,1973-08-01,8,0,60.4,79.1,3031
"461",1973,1973-05-01,5,0.04,52.5,70.4,3031
"462",1973,1973-10-01,10,1.95,47.3,62.9,3031
"463",1973,1973-11-01,11,2.98,40.1,51.5,3031
"464",1973,1973-12-01,12,3.33,37.5,46.5,3031
"465",1973,1973-09-01,9,0,53.5,71.7,3031
"466",1973,1973-01-01,1,3.97,35.2,44.6,3031
"467",1973,1973-02-01,2,5.42,41.9,50.8,3031
"468",1973,1973-03-01,3,4,39,48.6,3031
"469",1974,1974-05-01,5,0,47.4,66.2,2849
"470",1974,1974-06-01,6,0,56.7,75.6,2849
"471",1974,1974-07-01,7,0.19,60.9,79.9,2849
"472",1974,1974-08-01,8,0,59.5,79.1,2849
"473",1974,1974-09-01,9,0,58.2,77.6,2849
"474",1974,1974-10-01,10,1.76,51.1,66.5,2849
"475",1974,1974-11-01,11,1.21,40.2,52.6,2849
"476",1974,1974-12-01,12,2.3,35,44.7,2849
"477",1974,1974-03-01,3,3.77,41.8,52.8,2849
"478",1974,1974-04-01,4,2.01,41,56,2849
"479",1974,1974-01-01,1,3.94,37.8,47,2849
"480",1974,1974-02-01,2,0.67,34.8,47.4,2849
"481",1975,1975-01-01,1,1.18,32.6,43.7,2618
"482",1975,1975-02-01,2,3.9,38,48.2,2618
"483",1975,1975-07-01,7,0,59.2,78.6,2618
"484",1975,1975-08-01,8,0.3,57.6,77.1,2618
"485",1975,1975-09-01,9,0.22,58.2,76.7,2618
"486",1975,1975-10-01,10,2.08,45.8,61.9,2618
"487",1975,1975-11-01,11,0.78,36.9,50.3,2618
"488",1975,1975-12-01,12,0.39,33.1,45.4,2618
"489",1975,1975-04-01,4,1.57,37.7,51.6,2618
"490",1975,1975-05-01,5,0.05,47.3,66,2618
"491",1975,1975-06-01,6,0,55.2,74.3,2618
"492",1975,1975-03-01,3,4.22,38.5,49.6,2618
"493",1976,1976-01-01,1,0.19,32.1,45.6,2555
"494",1976,1976-02-01,2,4.13,37.8,49.5,2555
"495",1976,1976-03-01,3,1.23,37.4,50.7,2555
"496",1976,1976-08-01,8,0.52,56.8,73.6,2555
"497",1976,1976-09-01,9,1.37,57.9,73.7,2555
"498",1976,1976-10-01,10,0.86,49.3,65.5,2555
"499",1976,1976-11-01,11,0.94,43.1,55,2555
"500",1976,1976-12-01,12,0.61,32.4,47.1,2555
"501",1976,1976-04-01,4,1.41,40.2,54.4,2555
"502",1976,1976-05-01,5,0.01,50,68.7,2555
"503",1976,1976-06-01,6,0.13,55.1,73.7,2555
"504",1976,1976-07-01,7,0.03,61.1,80.3,2555
"505",1977,1977-01-01,1,1.32,34.4,42.6,1042
"506",1977,1977-02-01,2,0.55,38.1,51.4,1042
"507",1977,1977-03-01,3,1.03,34.9,48.8,1042
"508",1977,1977-04-01,4,0,44.6,62.3,1042
"509",1977,1977-10-01,10,0.09,50.5,66.9,1042
"510",1977,1977-11-01,11,1.19,41.8,54.5,1042
"511",1977,1977-12-01,12,5.67,41.6,50.9,1042
"512",1977,1977-06-01,6,0.66,60.3,77.9,1042
"513",1977,1977-07-01,7,0,60.3,80.2,1042
"514",1977,1977-08-01,8,0,62.2,80.5,1042
"515",1977,1977-05-01,5,1.55,44.9,59.7,1042
"516",1977,1977-09-01,9,0,56.7,73.3,1042
"517",1978,1978-01-01,1,6.45,42.1,50,4524
"518",1978,1978-02-01,2,5.67,41.5,50.1,4524
"519",1978,1978-03-01,3,5.95,46.8,56.9,4524
"520",1978,1978-05-01,5,0,48.8,66.1,4524
"521",1978,1978-06-01,6,0,54.2,73.7,4524
"522",1978,1978-07-01,7,0,60.5,80.2,4524
"523",1978,1978-04-01,4,5.12,43.5,55.7,4524
"524",1978,1978-08-01,8,0,60.8,79.8,4524
"525",1978,1978-09-01,9,1.37,54.4,71.1,4524
"526",1978,1978-10-01,10,0,50.9,68.9,4524
"527",1978,1978-11-01,11,2.48,38.4,50.9,4524
"528",1978,1978-12-01,12,1.48,31.7,41.6,4524
"529",1979,1979-02-01,2,3.89,36.5,47.3,3355
"530",1979,1979-03-01,3,3.62,41.9,52.8,3355
"531",1979,1979-04-01,4,0.36,42.1,57.3,3355
"532",1979,1979-01-01,1,5.11,35.3,44.9,3355
"533",1979,1979-06-01,6,0,56.2,76.4,3355
"534",1979,1979-07-01,7,0.2,62.9,81.1,3355
"535",1979,1979-08-01,8,0,59.3,78.1,3355
"536",1979,1979-05-01,5,0.28,51.7,69.1,3355
"537",1979,1979-09-01,9,0,58.9,77.7,3355
"538",1979,1979-10-01,10,1.07,50.8,66.4,3355
"539",1979,1979-11-01,11,1.79,40.3,53.2,3355
"540",1979,1979-12-01,12,1.43,36.2,49.2,3355
"541",1980,1980-02-01,2,4.97,41,51.8,3958
"542",1980,1980-03-01,3,2.46,39.2,50.9,3958
"543",1980,1980-04-01,4,1,43.6,58.4,3958
"544",1980,1980-05-01,5,0.55,47.7,63.7,3958
"545",1980,1980-06-01,6,0,52.9,70.7,3958
"546",1980,1980-07-01,7,0.01,62.8,81.5,3958
"547",1980,1980-08-01,8,0,59.8,78.9,3958
"548",1980,1980-09-01,9,0,58.1,75,3958
"549",1980,1980-01-01,1,6.68,40.7,49.6,3958
"550",1980,1980-12-01,12,0.88,37.3,49,3958
"551",1980,1980-10-01,10,0.22,49.4,67.3,3958
"552",1980,1980-11-01,11,0.37,40.3,55.1,3958
"553",1981,1981-03-01,3,4.15,42,52.5,2549
"554",1981,1981-02-01,2,1.34,40.7,51.4,2549
"555",1981,1981-07-01,7,0,61.4,81.8,2549
"556",1981,1981-04-01,4,1.16,44.8,59.6,2549
"557",1981,1981-05-01,5,0.23,50.4,67.5,2549
"558",1981,1981-06-01,6,0,61.4,79.9,2549
"559",1981,1981-11-01,11,3.03,44.4,55.5,2549
"560",1981,1981-08-01,8,0,64.4,82.3,2549
"561",1981,1981-09-01,9,0,59,76.6,2549
"562",1981,1981-10-01,10,1.55,45.6,61.3,2549
"563",1981,1981-01-01,1,4.09,39.9,50.4,2549
"564",1981,1981-12-01,12,2.16,40,48.6,2549
"565",1982,1982-04-01,4,3.59,43.4,56.3,3911
"566",1982,1982-06-01,6,0.47,54.9,71.8,3911
"567",1982,1982-07-01,7,0.12,60.5,78.8,3911
"568",1982,1982-08-01,8,0.13,61,79.4,3911
"569",1982,1982-05-01,5,0.03,49.6,67.3,3911
"570",1982,1982-10-01,10,2.3,48.2,63.7,3911
"571",1982,1982-11-01,11,5.13,40.1,49.9,3911
"572",1982,1982-12-01,12,3.83,35.5,45.2,3911
"573",1982,1982-09-01,9,1.72,56.7,72.2,3911
"574",1982,1982-01-01,1,5.43,33.8,42.9,3911
"575",1982,1982-02-01,2,2.58,39.5,50.3,3911
"576",1982,1982-03-01,3,6.42,40.3,50,3911
"577",1983,1983-05-01,5,0.77,47.6,65,3630
"578",1983,1983-06-01,6,0,54.1,72.8,3630
"579",1983,1983-07-01,7,0,55.7,75.3,3630
"580",1983,1983-08-01,8,0.1,61.7,79.3,3630
"581",1983,1983-09-01,9,0.53,59.4,76.7,3630
"582",1983,1983-10-01,10,0.76,51.4,66.2,3630
"583",1983,1983-11-01,11,5.09,42.5,53.1,3630
"584",1983,1983-12-01,12,4.63,40.7,49.4,3630
"585",1983,1983-04-01,4,2.57,41.6,54.6,3630
"586",1983,1983-01-01,1,6.51,36.7,44.5,3630
"587",1983,1983-02-01,2,5.34,41.2,50.5,3630
"588",1983,1983-03-01,3,7.4,42.5,51.9,3630
"589",1984,1984-01-01,1,0.24,37.8,46.2,1824
"590",1984,1984-06-01,6,0.4,55.2,73.8,1824
"591",1984,1984-07-01,7,0.06,65.2,83.8,1824
"592",1984,1984-08-01,8,0.03,62.7,81.2,1824
"593",1984,1984-09-01,9,0,60.7,78.6,1824
"594",1984,1984-10-01,10,1.33,45.4,60,1824
"595",1984,1984-11-01,11,3.6,40.6,51.7,1824
"596",1984,1984-12-01,12,2.08,35.9,44.8,1824
"597",1984,1984-03-01,3,1.24,41.5,54.8,1824
"598",1984,1984-04-01,4,0.51,40.7,56.3,1824
"599",1984,1984-05-01,5,0,50.9,69.7,1824
"600",1984,1984-02-01,2,1.8,37.1,49,1824
"601",1985,1985-01-01,1,0.83,33.6,41.9,1690
"602",1985,1985-02-01,2,1.7,36.8,48.9,1690
"603",1985,1985-03-01,3,2.93,37.1,49.1,1690
"604",1985,1985-08-01,8,0.04,57.6,76.8,1690
"605",1985,1985-09-01,9,0.51,54.4,69.9,1690
"606",1985,1985-10-01,10,0.97,47,62.8,1690
"607",1985,1985-11-01,11,4.35,39.2,50.1,1690
"608",1985,1985-12-01,12,1.62,35.2,42.5,1690
"609",1985,1985-04-01,4,0.55,45.9,62.3,1690
"610",1985,1985-05-01,5,0,48.2,65.6,1690
"611",1985,1985-06-01,6,0.23,59.2,77.7,1690
"612",1985,1985-07-01,7,0,65.6,83.4,1690
"613",1986,1986-01-01,1,1.68,42.9,52.2,2653
"614",1986,1986-02-01,2,7.85,43,52.4,2653
"615",1986,1986-03-01,3,4.56,45.3,56.6,2653
"616",1986,1986-04-01,4,0.63,43.9,58.7,2653
"617",1986,1986-09-01,9,0.61,52,68.3,2653
"618",1986,1986-10-01,10,0,48.4,64.9,2653
"619",1986,1986-11-01,11,0.08,41.1,55.6,2653
"620",1986,1986-12-01,12,0.81,37.3,46.4,2653
"621",1986,1986-08-01,8,0,61.1,81.1,2653
"622",1986,1986-05-01,5,0.18,47.6,66,2653
"623",1986,1986-06-01,6,0,56.7,76,2653
"624",1986,1986-07-01,7,0,59.6,78.2,2653
"625",1987,1987-01-01,1,2.22,34.3,44.3,968
"626",1987,1987-02-01,2,3.13,38.8,50,968
"627",1987,1987-03-01,3,3.19,40.8,52.1,968
"628",1987,1987-04-01,4,0.35,46.9,63.9,968
"629",1987,1987-05-01,5,0.27,52.3,69,968
"630",1987,1987-11-01,11,1.08,42,52.6,968
"631",1987,1987-12-01,12,2.35,35.9,45.5,968
"632",1987,1987-06-01,6,0.02,58,76.5,968
"633",1987,1987-07-01,7,0,57.4,75.4,968
"634",1987,1987-08-01,8,0,59.9,78.8,968
"635",1987,1987-09-01,9,0,56.3,74.6,968
"636",1987,1987-10-01,10,1.77,54.3,69.9,968
"637",1988,1988-02-01,2,0.4,37.5,51.7,807
"638",1988,1988-03-01,3,1.43,40.3,54.7,807
"639",1988,1988-04-01,4,3.08,45.5,59.9,807
"640",1988,1988-01-01,1,2.45,36.5,46.6,807
"641",1988,1988-06-01,6,0.07,56.9,74,807
"642",1988,1988-07-01,7,0,64.8,84.2,807
"643",1988,1988-08-01,8,0,62.8,80.7,807
"644",1988,1988-05-01,5,0.51,48.5,65,807
"645",1988,1988-09-01,9,0,57.9,76,807
"646",1988,1988-10-01,10,0,51.8,68.8,807
"647",1988,1988-11-01,11,2.3,42.2,53.7,807
"648",1988,1988-12-01,12,3.15,35,45.2,807
"649",1989,1989-02-01,2,1.54,37.1,47.2,988
"650",1989,1989-03-01,3,3.48,43.7,54.6,988
"651",1989,1989-04-01,4,0.31,48.4,64,988
"652",1989,1989-05-01,5,0.6,50.3,66.6,988
"653",1989,1989-06-01,6,0.04,57.5,75.3,988
"654",1989,1989-07-01,7,0,61.1,81,988
"655",1989,1989-08-01,8,0.05,59.1,77.8,988
"656",1989,1989-09-01,9,1.35,55.6,73,988
"657",1989,1989-01-01,1,0.74,32,43.2,988
"658",1989,1989-10-01,10,1.23,48.8,64.4,988
"659",1989,1989-11-01,11,0.91,40,54.8,988
"660",1989,1989-12-01,12,0,33.1,44.9,988
"661",1990,1990-06-01,6,0.01,56.6,74.4,845
"662",1990,1990-03-01,3,0.92,41,53.7,845
"663",1990,1990-04-01,4,1.19,47.4,62.7,845
"664",1990,1990-05-01,5,2.26,48.3,65.1,845
"665",1990,1990-10-01,10,0,49.3,67.5,845
"666",1990,1990-07-01,7,0,64,82.5,845
"667",1990,1990-08-01,8,0,62.7,80.1,845
"668",1990,1990-09-01,9,0.06,57.1,74.6,845
"669",1990,1990-01-01,1,2.76,34.5,46.1,845
"670",1990,1990-02-01,2,2.3,35.2,46,845
"671",1990,1990-11-01,11,0.68,39.3,53.1,845
"672",1990,1990-12-01,12,1.27,29.7,41.7,845
"673",1991,1991-03-01,3,9.76,39.5,48.4,2338
"674",1991,1991-04-01,4,0.15,42,56,2338
"675",1991,1991-07-01,7,0,63.4,82.1,2338
"676",1991,1991-08-01,8,0.01,59.5,77.4,2338
"677",1991,1991-05-01,5,0.09,46,62.6,2338
"678",1991,1991-06-01,6,0.09,54.2,72.3,2338
"679",1991,1991-11-01,11,0.58,42.2,54.9,2338
"680",1991,1991-12-01,12,1.65,35.3,46.3,2338
"681",1991,1991-09-01,9,0.08,60.7,78.7,2338
"682",1991,1991-10-01,10,2.23,53.8,70.5,2338
"683",1991,1991-01-01,1,0.57,35.5,46.5,2338
"684",1991,1991-02-01,2,1.1,41.2,54.5,2338
"685",1992,1992-05-01,5,0.08,56.8,73.3,2699
"686",1992,1992-06-01,6,0.06,58.5,75.3,2699
"687",1992,1992-07-01,7,1.1,62.1,79.5,2699
"688",1992,1992-08-01,8,0,62.9,82.5,2699
"689",1992,1992-09-01,9,0,57.1,75.4,2699
"690",1992,1992-10-01,10,2.02,52,67.8,2699
"691",1992,1992-11-01,11,0.08,43.1,54.1,2699
"692",1992,1992-12-01,12,4.37,35.7,44.6,2699
"693",1992,1992-04-01,4,0.07,47.4,62.9,2699
"694",1992,1992-01-01,1,1.73,34.5,42.1,2699
"695",1992,1992-02-01,2,5.76,43.3,53.1,2699
"696",1992,1992-03-01,3,2.48,45.3,55.7,2699
"697",1993,1993-01-01,1,8.76,37.7,46.9,1829
"698",1993,1993-06-01,6,1.19,55,72.8,1829
"699",1993,1993-07-01,7,0,59,77.8,1829
"700",1993,1993-08-01,8,0,58.4,77.7,1829
"701",1993,1993-09-01,9,0,53.8,73.5,1829
"702",1993,1993-10-01,10,0.35,51.1,66.9,1829
"703",1993,1993-11-01,11,1.37,39.5,53.3,1829
"704",1993,1993-12-01,12,1.77,36.5,45.6,1829
"705",1993,1993-04-01,4,0.29,44.4,58.3,1829
"706",1993,1993-05-01,5,0.31,50.9,67.3,1829
"707",1993,1993-02-01,2,4.46,40.6,49.9,1829
"708",1993,1993-03-01,3,2.67,46.7,56.8,1829
"709",1994,1994-01-01,1,1.65,37.5,47.6,1328
"710",1994,1994-02-01,2,3.17,38.8,48.6,1328
"711",1994,1994-07-01,7,0,64.4,83.1,1328
"712",1994,1994-08-01,8,0,63.3,82.3,1328
"713",1994,1994-09-01,9,0.17,57.9,75.1,1328
"714",1994,1994-10-01,10,1.65,48.5,63.8,1328
"715",1994,1994-11-01,11,2.59,38.3,48.5,1328
"716",1994,1994-12-01,12,2.19,36.7,44.7,1328
"717",1994,1994-03-01,3,0.43,42.4,55.4,1328
"718",1994,1994-04-01,4,2.12,45.6,60.4,1328
"719",1994,1994-05-01,5,1.49,51.1,66.1,1328
"720",1994,1994-06-01,6,0,55.3,75.3,1328
"721",1995,1995-01-01,1,8.18,43.3,51.1,2355
"722",1995,1995-02-01,2,1.08,44,52.6,2355
"723",1995,1995-03-01,3,8.07,43.9,53.5,2355
"724",1995,1995-04-01,4,1.83,44,57.5,2355
"725",1995,1995-09-01,9,0,55.9,75.3,2355
"726",1995,1995-10-01,10,0,49.2,67,2355
"727",1995,1995-11-01,11,0,44.9,59.5,2355
"728",1995,1995-12-01,12,3.67,41.1,50.9,2355
"729",1995,1995-08-01,8,0,61.4,80.8,2355
"730",1995,1995-05-01,5,1.94,49,63.2,2355
"731",1995,1995-06-01,6,0.7,53.2,71.5,2355
"732",1995,1995-07-01,7,0.04,60.4,79.5,2355
"733",1996,1996-01-01,1,3.33,38.6,48.3,2651
"734",1996,1996-02-01,2,5.05,44.2,52.9,2651
"735",1996,1996-03-01,3,2.65,42.9,54.4,2651
"736",1996,1996-04-01,4,1.79,45,60.1,2651
"737",1996,1996-05-01,5,0.76,48.9,66.7,2651
"738",1996,1996-10-01,10,2.1,47.6,63.7,2651
"739",1996,1996-11-01,11,4.89,42.2,53.2,2651
"740",1996,1996-12-01,12,8.65,40.5,48.9,2651
"741",1996,1996-08-01,8,0,63.1,82.8,2651
"742",1996,1996-09-01,9,0,53.5,73,2651
"743",1996,1996-06-01,6,0.17,57.2,75.7,2651
"744",1996,1996-07-01,7,0,63.3,83.5,2651
"745",1997,1997-01-01,1,8.85,40.8,48.5,2286
"746",1997,1997-02-01,2,0.24,40,50.3,2286
"747",1997,1997-03-01,3,0.11,43.4,57.9,2286
"748",1997,1997-04-01,4,0.07,43.3,60.1,2286
"749",1997,1997-05-01,5,0,52.6,71.4,2286
"750",1997,1997-06-01,6,0.09,56.3,74.3,2286
"751",1997,1997-12-01,12,2.3,35.5,45,2286
"752",1997,1997-11-01,11,2.61,45.6,56.9,2286
"753",1997,1997-07-01,7,0.02,60.2,79,2286
"754",1997,1997-08-01,8,0,63.1,80.8,2286
"755",1997,1997-09-01,9,0.07,58.4,75.7,2286
"756",1997,1997-10-01,10,0.17,46.7,63.6,2286
"757",1998,1998-02-01,2,8.05,40.5,48.5,2508
"758",1998,1998-03-01,3,4.7,43.5,53.9,2508
"759",1998,1998-04-01,4,2.51,43,55.7,2508
"760",1998,1998-05-01,5,1.94,45.5,59.2,2508
"761",1998,1998-06-01,6,1.93,55,70.4,2508
"762",1998,1998-07-01,7,0,63.1,82.1,2508
"763",1998,1998-08-01,8,0,64.1,83.4,2508
"764",1998,1998-09-01,9,0.16,60,76,2508
"765",1998,1998-01-01,1,7.94,39.4,49.3,2508
"766",1998,1998-10-01,10,0.14,46.1,62.5,2508
"767",1998,1998-11-01,11,0.8,39.8,52.4,2508
"768",1998,1998-12-01,12,1.47,31.3,43.7,2508
"769",1999,1999-06-01,6,0.43,56.1,73.9,2191
"770",1999,1999-03-01,3,0.92,39.3,51.6,2191
"771",1999,1999-04-01,4,2.23,41.1,54.9,2191
"772",1999,1999-05-01,5,0.13,48.4,64.9,2191
"773",1999,1999-10-01,10,0,52,69,2191
"774",1999,1999-07-01,7,0,60.2,79.7,2191
"775",1999,1999-08-01,8,0,59.1,77.6,2191
"776",1999,1999-09-01,9,0,58.7,76.7,2191
"777",1999,1999-01-01,1,3.85,34.7,45.3,2191
"778",1999,1999-02-01,2,3.19,37.2,48.4,2191
"779",1999,1999-11-01,11,1.3,45.3,57.6,2191
"780",1999,1999-12-01,12,0.05,34.7,48.7,2191
"781",2000,2000-06-01,6,0.88,57.8,76.8,1893
"782",2000,2000-07-01,7,0,57.7,77.4,1893
"783",2000,2000-04-01,4,2,45.9,60.9,1893
"784",2000,2000-05-01,5,0.35,49.7,67.1,1893
"785",2000,2000-10-01,10,2.66,48.6,62.9,1893
"786",2000,2000-11-01,11,0.18,35.8,47.8,1893
"787",2000,2000-08-01,8,0,60.9,80.5,1893
"788",2000,2000-09-01,9,0.44,55,72.9,1893
"789",2000,2000-01-01,1,5.49,39.6,49.3,1893
"790",2000,2000-02-01,2,8.99,41.7,52,1893
"791",2000,2000-03-01,3,1.83,41.8,53.1,1893
"792",2000,2000-12-01,12,0.24,38.8,50.1,1893
"793",2001,2001-04-01,4,2.1,42.2,56.1,1852
"794",2001,2001-05-01,5,0.03,57.2,74.9,1852
"795",2001,2001-07-01,7,0.08,62.2,80.1,1852
"796",2001,2001-08-01,8,0,62.1,81.2,1852
"797",2001,2001-09-01,9,0.01,58,76.3,1852
"798",2001,2001-06-01,6,0,59.9,78.4,1852
"799",2001,2001-11-01,11,2.67,44.7,56,1852
"800",2001,2001-12-01,12,4.59,37.7,46.6,1852
"801",2001,2001-03-01,3,1.69,42.9,55.3,1852
"802",2001,2001-10-01,10,0.53,54.1,69.9,1852
"803",2001,2001-01-01,1,3.86,34.9,46.3,1852
"804",2001,2001-02-01,2,3.29,38,47.2,1852
"805",2002,2002-01-01,1,1.6,35.9,45.1,2078
"806",2002,2002-06-01,6,0.06,55.9,75.9,2078
"807",2002,2002-07-01,7,0,64.3,83.4,2078
"808",2002,2002-08-01,8,0,62.7,80.8,2078
"809",2002,2002-09-01,9,0.01,58.5,76.7,2078
"810",2002,2002-10-01,10,0.07,50.2,65.5,2078
"811",2002,2002-11-01,11,2.81,43.5,55.7,2078
"812",2002,2002-12-01,12,3.94,38.9,48.8,2078
"813",2002,2002-04-01,4,0.54,45.2,60.3,2078
"814",2002,2002-05-01,5,0.97,49.1,66.7,2078
"815",2002,2002-02-01,2,1.27,39,51,2078
"816",2002,2002-03-01,3,1.89,39.3,52,2078
"817",2003,2003-01-01,1,0.71,40.6,50.6,3717
"818",2003,2003-02-01,2,1.73,38.6,49.3,3717
"819",2003,2003-07-01,7,0.01,65.9,85,3717
"820",2003,2003-08-01,8,0.31,62.5,80.6,3717
"821",2003,2003-09-01,9,0,62.3,79.8,3717
"822",2003,2003-10-01,10,0.04,53.2,70.5,3717
"823",2003,2003-11-01,11,0.79,39.1,51,3717
"824",2003,2003-12-01,12,3.83,39.1,49.1,3717
"825",2003,2003-04-01,4,2.41,42.3,55.3,3717
"826",2003,2003-05-01,5,1.42,49,65.6,3717
"827",2003,2003-06-01,6,0,59.3,77.8,3717
"828",2003,2003-03-01,3,1.46,40.9,53.8,3717
"829",2004,2004-01-01,1,1.49,36.8,45.8,1100
"830",2004,2004-02-01,2,3.38,38.7,48.4,1100
"831",2004,2004-03-01,3,0.92,46.2,59.8,1100
"832",2004,2004-08-01,8,0,63.3,81.2,1100
"833",2004,2004-09-01,9,0.04,56.4,75.1,1100
"834",2004,2004-10-01,10,3.66,49.4,63.5,1100
"835",2004,2004-11-01,11,1.19,41.5,51,1100
"836",2004,2004-12-01,12,3.15,36.7,46.3,1100
"837",2004,2004-07-01,7,0,62.9,81.9,1100
"838",2004,2004-04-01,4,0.13,45.6,62.2,1100
"839",2004,2004-05-01,5,0.14,51.1,68.6,1100
"840",2004,2004-06-01,6,0,58.7,75.3,1100
"841",2005,2005-01-01,1,5.64,39.1,46.3,3970
"842",2005,2005-02-01,2,3.28,42.8,52.6,3970
"843",2005,2005-03-01,3,3.76,43.7,54.5,3970
"844",2005,2005-04-01,4,0.82,41.2,55.9,3970
"845",2005,2005-05-01,5,2.84,49.5,65.6,3970
"846",2005,2005-10-01,10,0.19,47.8,64.2,3970
"847",2005,2005-11-01,11,0.21,44.8,57.8,3970
"848",2005,2005-12-01,12,4.09,40.8,50,3970
"849",2005,2005-08-01,8,0.04,63.6,82.6,3970
"850",2005,2005-09-01,9,0.17,53.3,71.8,3970
"851",2005,2005-06-01,6,0,51.8,71,3970
"852",2005,2005-07-01,7,0,65.6,85,3970
"853",2006,2006-01-01,1,5.3,37.6,48.1,2561
"854",2006,2006-02-01,2,1.23,38.2,51.2,2561
"855",2006,2006-03-01,3,5.67,36.6,47.1,2561
"856",2006,2006-04-01,4,5.6,44.9,55.8,2561
"857",2006,2006-05-01,5,0.76,52.1,68.7,2561
"858",2006,2006-06-01,6,0.08,59.4,78.1,2561
"859",2006,2006-11-01,11,0.63,42.4,54.4,2561
"860",2006,2006-12-01,12,2.51,35.9,47.4,2561
"861",2006,2006-08-01,8,0,59.5,78.8,2561
"862",2006,2006-09-01,9,0,56.9,75.4,2561
"863",2006,2006-10-01,10,0.41,47.5,63.3,2561
"864",2006,2006-07-01,7,0,66.9,85.6,2561
"865",2007,2007-01-01,1,0.69,30.4,43.5,852
"866",2007,2007-02-01,2,3.43,39.8,50.2,852
"867",2007,2007-03-01,3,1.08,42.7,57,852
"868",2007,2007-04-01,4,0.68,44.5,60,852
"869",2007,2007-05-01,5,0.16,51.9,69.7,852
"870",2007,2007-06-01,6,0,58.9,77,852
"871",2007,2007-07-01,7,0,64.5,81.4,852
"872",2007,2007-12-01,12,2.89,35.3,45,852
"873",2007,2007-11-01,11,0.12,44.9,57.7,852
"874",2007,2007-08-01,8,0.05,63.1,81.6,852
"875",2007,2007-09-01,9,0.06,56.4,72.9,852
"876",2007,2007-10-01,10,0.45,46.6,61.8,852
"877",2008,2008-02-01,2,3.64,38.3,48.7,1646
"878",2008,2008-03-01,3,0.2,40.8,53.8,1646
"879",2008,2008-04-01,4,0.01,41.2,58,1646
"880",2008,2008-05-01,5,0.57,49.6,66.3,1646
"881",2008,2008-06-01,6,0,57.9,76.5,1646
"882",2008,2008-07-01,7,0,63.4,81.3,1646
"883",2008,2008-08-01,8,0,64.9,83,1646
"884",2008,2008-09-01,9,0,58,76.5,1646
"885",2008,2008-10-01,10,0.28,50.4,66.8,1646
"886",2008,2008-01-01,1,5.61,37.9,46.2,1646
"887",2008,2008-11-01,11,2.01,46.7,57.5,1646
"888",2008,2008-12-01,12,2.1,36.1,44.5,1646
"889",2009,2009-06-01,6,0.67,54.9,72.5,1403
"890",2009,2009-07-01,7,0,64.5,83.5,1403
"891",2009,2009-04-01,4,0.68,41.8,58.1,1403
"892",2009,2009-05-01,5,0.43,54.9,71.3,1403
"893",2009,2009-10-01,10,1.95,49.3,62,1403
"894",2009,2009-11-01,11,0.18,39.3,52.3,1403
"895",2009,2009-08-01,8,0.02,60.3,79.1,1403
"896",2009,2009-09-01,9,0.02,60.7,77.8,1403
"897",2009,2009-01-01,1,2.02,36.7,47,1403
"898",2009,2009-02-01,2,4.03,40.2,49.9,1403
"899",2009,2009-03-01,3,1.42,41,52.9,1403
"900",2009,2009-12-01,12,3.92,36.4,46,1403
"901",2010,2010-06-01,6,0,58.2,74.7,3199
"902",2010,2010-07-01,7,0,63,81.1,3199
"903",2010,2010-08-01,8,0,59.7,78,3199
"904",2010,2010-05-01,5,0.37,45.4,60.4,3199
"905",2010,2010-10-01,10,2.21,53.9,66.9,3199
"906",2010,2010-11-01,11,2.96,40.9,52.3,3199
"907",2010,2010-12-01,12,8.96,41.7,49.4,3199
"908",2010,2010-09-01,9,0,57.2,74.7,3199
"909",2010,2010-01-01,1,4.46,39.7,48,3199
"910",2010,2010-02-01,2,4.36,42.4,50.1,3199
"911",2010,2010-03-01,3,1.79,40.5,52.2,3199
"912",2010,2010-04-01,4,3.26,43.3,54.8,3199
"913",2011,2011-05-01,5,0.8,45.6,61.1,NA
"914",2011,2011-06-01,6,1.9,54.2,70.8,NA
"915",2011,2011-07-01,7,0,61.5,79.2,NA
"916",2011,2011-08-01,8,0,64.3,81.2,NA
"917",2011,2011-09-01,9,0,61.4,78,NA
"918",2011,2011-10-01,10,1.37,51.5,65.9,NA
"919",2011,2011-11-01,11,1.07,40.2,51.7,NA
"920",2011,2011-12-01,12,0,32.1,45.3,NA
"921",2011,2011-01-01,1,2.48,37.9,45.9,NA
"922",2011,2011-02-01,2,3.23,36.2,46.9,NA
"923",2011,2011-03-01,3,6.8,41.9,51.5,NA
"924",2011,2011-04-01,4,0.36,43.9,57.4,NA
"925",2012,2012-01-01,1,2.74,36.2,48.8,NA
"926",2012,2012-02-01,2,0.8,39,49.8,NA
"927",2012,2012-03-01,3,3.61,40.3,51.8,NA
"928",2012,2012-04-01,4,2.99,45.5,58.3,NA
"929",2012,2012-05-01,5,0,49.5,67.7,NA
"930",2012,2012-06-01,6,0.06,58,74.9,NA
"931",2012,2012-07-01,7,0,63.5,80.6,NA
"932",2012,2012-08-01,8,0.01,65,83.8,NA
"933",2012,2012-09-01,9,0,63.7,79.6,NA
"934",2012,2012-10-01,10,0.38,52.5,66.5,NA
"935",2012,2012-11-01,11,1.39,44.8,56,NA
"936",2012,2012-12-01,12,5.61,41.4,48.2,NA
"937",2013,2013-01-01,1,0.82,33.4,44.5,NA
"938",2013,2013-02-01,2,0.94,36.9,48,NA
"939",2013,2013-03-01,3,0.49,44,56.9,NA
"940",2013,2013-04-01,4,0.26,44.9,61.6,NA
"941",2013,2013-05-01,5,0.28,51.6,68,NA
"942",2013,2013-06-01,6,0,59.5,76.8,NA
"943",2013,2013-07-01,7,0,67.2,84.5,NA
"944",2013,2013-08-01,8,0.05,62,79.6,NA
"945",2013,2013-09-01,9,0.17,58.3,74.2,NA
"946",2013,2013-10-01,10,0.19,46.9,63,NA
"947",2013,2013-11-01,11,0.58,41.6,55.3,NA
"948",2013,2013-12-01,12,0.29,33.1,46.3,NA
"949",2014,2014-01-01,1,1.13,39.7,53.2,NA
"950",2014,2014-02-01,2,2,43.1,53.3,NA
"951",2014,2014-03-01,3,0.99,43.8,57.2,NA
"952",2014,2014-04-01,4,1.63,45.6,61.3,NA
"953",2014,2014-09-01,9,0.47,61.9,78,NA
"954",2014,2014-10-01,10,0,52.6,68.6,NA
"955",2014,2014-11-01,11,1.34,42.9,54.9,NA
"956",2014,2014-12-01,12,3.29,43.1,51.2,NA
"957",2014,2014-06-01,6,0,57.1,76,NA
"958",2014,2014-07-01,7,0.01,67.3,83.8,NA
"959",2014,2014-08-01,8,0,65,81.7,NA
"960",2014,2014-05-01,5,0.07,51.4,68.9,NA
"961",2015,2015-01-01,1,0.16,39.1,48.7,NA
"962",2015,2015-02-01,2,1.15,44.3,55.3,NA
"963",2015,2015-03-01,3,0.18,44.1,59.1,NA
"964",2015,2015-04-01,4,1.65,47.5,62,NA
"965",2015,2015-05-01,5,0.21,50.3,65.2,NA
"966",2015,2015-06-01,6,0,63.3,80.1,NA
"967",2015,2015-07-01,7,0.21,65.2,81.3,NA
"968",2015,2015-08-01,8,0,64.1,81.4,NA
"969",2015,2015-09-01,9,0.09,61.2,77.3,NA
"970",2015,2015-10-01,10,0.32,55.5,69.5,NA
"971",2015,2015-11-01,11,2.72,40.4,51.2,NA
"972",2015,2015-12-01,12,3.83,36,44.8,NA
"973",2016,2016-09-01,9,0,56.2,74.2,NA
"974",2016,2016-10-01,10,1.56,50.4,65.1,NA
"975",2016,2016-11-01,11,1.57,44.6,56.8,NA
"976",2016,2016-12-01,12,3.81,36.5,46,NA
"977",2016,2016-01-01,1,5.63,40.2,48.5,NA
"978",2016,2016-02-01,2,0.82,42.2,53.4,NA
"979",2016,2016-03-01,3,4.51,44.5,55.1,NA
"980",2016,2016-04-01,4,2.86,47.6,61.5,NA
"981",2016,2016-05-01,5,0.04,51.6,67.1,NA
"982",2016,2016-06-01,6,0.13,59.7,77.8,NA
"983",2016,2016-07-01,7,0,63.8,82.4,NA
"984",2016,2016-08-01,8,0,64.4,81.9,NA
"985",2017,2017-01-01,1,10.73,39.3,46.2,NA
"986",2017,2017-02-01,2,5.14,44.1,52,NA
"987",2017,2017-03-01,3,1.33,44,55.2,NA
"988",2017,2017-04-01,4,1.74,45.7,58.5,NA
"989",2017,2017-05-01,5,0.03,51.2,67.5,NA
"990",2017,2017-06-01,6,0.08,59.6,77.3,NA
"991",2017,2017-07-01,7,0,66.2,84.4,NA
"992",2017,2017-08-01,8,0,67.1,83.8,NA
"993",2017,2017-09-01,9,0.35,58.9,75.1,NA
"994",2017,2017-10-01,10,0.17,49.1,65.3,NA
"995",2017,2017-11-01,11,1.07,45.6,57,NA
"996",2017,2017-12-01,12,0.1,35.6,48.5,NA
"997",2018,2018-01-01,1,1.8,41.5,51.5,NA
